0,1,2,3,4,5,6,7,8,9,10,11,12,13,14,15,16,17,0,1,2,3,4,5,6,7,8,9,10,11,12
2.2162436041677216,3.3267717756128623,2.916986241316112,2.861906305094152,3.5370828685517086,1.7913137013507598,2.2271630263508935,2.2865721455543313,1.8870646068731176,2.576536031735947,1.7488844974286832,2.3619595492397853,2.1084867114818735,0.5905830448415135,1.4346681833815988,1.6083825037037378,1.4945178715724305,2.1174368565188364,0.8753194334667488,-0.22111781341554,-0.896234721517961,-0.8631326247558081,0.40182208540062686,0.0,-0.17329238416425227,-1.3387608147569197,-0.7471396405542103,-0.9994012044039359,-0.652916865844487,-0.39661238822869305,-1.0259950896187042
1.9531473492605635,2.642797194868884,2.4313415686329307,2.3163907886691124,2.821590427401593,1.5814795389683902,1.6676972812760986,1.5764355591550794,1.6480006561675713,1.7790882437265862,1.5677121794912465,1.7872302683465047,1.6938582893057657,2.2036945209158225,1.3778192772015136,1.4881183112608882,1.3111680605514275,1.7270734592707875,1.0787990733835702,-0.35642339972456616,-0.896234721517961,-0.7781815267170803,0.969818251193947,0.0,4.444418984906341,-0.29121238554346646,-0.6432097802875211,-0.8866836150832769,-0.5120465329563249,-0.9343272607310555,0.22606671466174866
1.7037865645520336,2.019564956841114,1.9957070232915326,1.833547145359683,2.1883481828797273,1.3995469803089162,1.207317688215198,0.9988843462708508,1.4478561068990166,1.1245290619273074,1.4097767897055362,1.3181607166838551,1.3519370728409068,3.3904263398577474,1.3257813713204756,1.3823013845121115,1.1600801397885925,1.4037794147418567,1.433004372498038,-0.25494420999279654,-0.896234721517961,-1.0402749712342914,0.40182208540062686,1.8019144178767856,0.5257189698693696,-0.5807316758221452,-0.5438137729854862,-0.957360590008663,-0.2554612837671724,-0.7550889698969349,0.22606671466174866
1.4681612500421315,1.4570750615295522,1.6100826052919184,1.4133753751658622,1.6373561349861157,1.245516025372339,0.8460242471681912,0.5539185069016442,1.2866309590674525,0.6128584863381091,1.2750783280715487,0.9547508942518366,1.0827230620872996,4.15077850166729,1.2785544657384829,1.2909317234574091,1.0412541092839258,1.1475547229320446,1.0260450926643954,-0.15346502026102696,-0.5387318059049321,-0.8969199932939385,2.33424382337138,2.6832335377314607,0.0385292382701786,-0.22934928933007356,-0.62054051546425,-1.0073218998697118,0.1369632149927077,0.7348293226616948,0.5043026711685162
1.2462714057308573,0.9553275089341994,1.2744683146340872,1.0558754780876498,1.1686142837207556,1.1193866741586587,0.5838169581350799,0.24153804104746107,1.1643252126728785,0.24407651695899155,1.1636167945892877,0.6970008010504491,0.8862162570449416,4.484751006344445,1.2361385604555362,1.2140093280967799,0.9546899690374274,0.9583993838413511,1.1315530541027463,0.049493359202512265,1.1594070432569556,-0.558563631219233,2.3064614022184458,0.7172139626710323,-0.17329238416425227,0.12285793844484348,-0.7188902490052109,-0.5655908065860485,1.0626825454006303,2.7512600945455548,0.9216566059286672
1.0381170316182202,0.5143222990550635,0.9888641513180529,0.7610474541250597,0.7821226290836719,1.021158926667889,0.42069582111588055,0.061742948708316446,1.0809388677153182,0.018183153789984058,1.0753921892587759,0.5449104370797142,0.7624166577138668,4.392343853889237,1.198533655471653,1.1515341984302498,0.9003877190491115,0.836313397469798,0.423142455873812,-0.6270345723426184,0.8019041276439267,-0.017483057915745465,0.6811383158437371,-0.6928966290964471,-0.6816642780068863,-0.6764132646321929,0.5348944746818617,-0.43885967913363194,-0.4214870332425064,-0.5198387131771511,1.756364475448969
0.7618622188915285,-0.02152798824662633,0.6469758868064721,0.4450495663403987,0.40962601061224013,0.9257258988548682,0.3545241629456285,0.026814996701070494,1.0612615531496659,-0.06607050551943625,1.0131636718309875,0.5275004497410211,0.7374907553854945,3.3288743346472716,1.1549972996410391,1.0900770805616677,0.8609960910318637,0.7705455424839853,0.8225654527475725,0.015666962625255788,0.5337769409341548,0.01630431062238485,-0.5085152477105154,-0.5505296943506921,-0.38511400659868317,0.7579857262356772,-0.1117027096619026,-0.8732793612181173,0.07155913186606103,-0.6766722176570069,-1.1998925624354337
0.5506822821475482,-0.3864195306053434,0.4223079090667053,0.25278796663155806,0.17252219554028114,0.8769186291308966,0.41470289600128,0.15768445017749164,1.0728846141959674,0.043984220849048156,0.9772369856946351,0.6248518388784069,0.7904185336396452,1.6680932472390355,1.1218448326844266,1.0517760793921993,0.8709521512367555,0.7967339909161117,-1.3177389078589954,-0.5593817791881054,0.3550254831276405,-0.32156937475891867,-0.0076084841087248,-0.8081460524620585,-0.8511215759544312,0.07501714403981949,0.6499845884000076,0.2630357959874442,2.003495125760856,-0.6878746108341395,0.01738974728167336
0.44216746445819893,-0.5491104160063326,0.34852345166488957,0.20456790461367047,0.07625273184704064,0.8758158900570823,0.5822072682412576,0.4126669704893147,1.0990160966201763,0.2955326165549026,0.9497178261090443,0.8155919304413936,0.8891565051252371,-0.6199747431758814,1.1034262526265843,1.0412873417659878,0.9335411448971891,0.9080891033558723,-1.5588999625752287,-0.593208175765362,-1.1643619082277328,-1.0402749712342914,-1.1346487022127534,-0.8488223195322743,-0.8723037381978742,-0.8125120763016573,-0.3258400727617253,-0.2688693687527463,2.400950707838171,-0.5198387131771511,-0.5390821657318614
0.4250824494422339,-0.5280413067395641,0.41850074967790596,0.27154578792470635,0.09097569408535339,0.9118195438101163,0.7985733273357397,0.7126842303331233,1.1203284572854872,0.5994217901162131,0.9161238591609434,1.042222886584351,0.9914040960872353,-0.018328312658890716,1.0968263969050216,1.048299584812371,1.0361625199532754,1.0657954252940034,-1.6417990751339342,-0.5593817791881054,0.3550254831276405,0.03319799489144992,-0.07022182955894869,-0.7674697853918427,-0.7240286024937727,-0.06190650891249015,0.5784892147266139,0.41291972557059053,-0.5321708662260624,-1.0911607652109114,-0.7477591331119369
0.47432945726689507,-0.35504362027004066,0.6070397824305747,0.41502799580729355,0.18142712626857296,0.9752590537014914,0.9883271428853465,0.9697688175676159,1.1218259035745648,0.8675765690007888,0.8918168318918297,1.220188030556092,1.0536513784468633,-0.2155880933240515,1.1020747040860208,1.0658383107254275,1.1460725575480752,1.2096489820419534,0.8225654527475725,1.233417239406491,0.6231526698374121,-0.8549271209679764,0.14560642365690077,0.16130497937808372,0.7799049167906867,-1.105330731711717,-0.7537660410410126,-0.6703877004409313,-0.14980853410105086,0.7572341090159599,-2.1389389156457734
0.553668671354911,-0.1104311340676868,0.857768194026185,0.5975729964433745,0.3298789879614108,1.0431142919980456,1.1332449151792117,1.1487848799533278,1.1236082051653344,1.0435096697811344,0.8971154361550926,1.3331133389173624,1.0749631757698133,-0.2682262271003932,1.124325678125594,1.1017450292207678,1.2394640468134603,1.3110081061583803,1.0787990733835702,-0.5255553826108488,-0.896234721517961,-0.3418417958817969,-0.5149978126461999,-0.4488390266751527,0.20798653621772328,2.4728307532709284,-0.7241216178105812,-0.6405327713776218,-0.24036803381486935,0.23072162969072996,-1.7911439700123144
0.609824976126713,0.08761347976964827,1.0746837443269153,0.7413968145289841,0.4585878768746121,1.0746334321941724,1.2095704885775183,1.2142698458052799,1.1442763032380363,1.08163967456882,0.9191143233509746,1.3754795100563681,1.0645568465115496,-0.21143908249866944,1.1570587890992998,1.1422071953928281,1.3131478296490404,1.3560032420952928,1.7344556908933297,0.6583684975931299,-1.3431133660342474,-0.8549271209679764,2.059506547525698,1.3612548579494483,2.008470326910386,-0.5848558822363714,-0.6592526446239899,-0.07572625624113084,-0.10452878424414168,0.42116231370198326,-0.12172823097171043
0.6177687359773404,0.18380754535877494,1.2084206573877594,0.8159822075468852,0.5502446414342554,1.0888689967656386,1.2184854669315959,1.2248833103431498,1.1973700866839871,1.070808952346877,0.9882534302975469,1.3772571966074885,1.064215895180772,-0.10800317427534734,1.1951758039335292,1.174744751701483,1.3766234631192762,1.348388599263941,-0.7901991006672361,-0.3902497963018227,-1.1643619082277328,-0.6092446840264285,-0.263721247996329,-0.5098534272804763,-0.5333891423027848,-0.2994607983719188,0.6140625226031318,0.41291972557059053,0.6249782967838409,-0.497433926822886,0.9912155950553587
0.639781025413527,0.23626181546441838,1.2857151317500437,0.8805268704578263,0.6781376414689327,1.11798371089143,1.2257093643456267,1.2576582324335306,1.2740225417593996,1.1041811598418132,1.097407431702282,1.3824339250206312,1.0891339987071458,-0.11193013949006089,1.2375686286005814,1.204172488308404,1.4482547841288027,1.331345695296761,-0.8128079495468824,-0.4579025894563358,0.3550254831276405,-1.0658568359845901,-0.5755017520459232,-0.5166328051255122,-0.7240286024937727,-1.2142097810472885,-1.2390370342459443e-16,-2.1646125482212012e-16,-2.2342498151292574e-16,0.0,0.0
0.7390888621684917,0.3348207456855756,1.353222081227056,0.9876083433714373,0.8812273252978463,1.177555684110354,1.289219679908815,1.3533337309326992,1.358646775726862,1.2163432145524526,1.2008249357920122,1.446235344926073,1.1466413409637781,-0.10999278313331289,1.2833607805709522,1.2374696435354486,1.548687373648527,1.3603029549887635,-0.081788502438301,-0.35642339972456616,-0.6281075348081893,-0.6010391802385969,1.7316739779210748,-0.11664951226839071,-0.10974589743392306,0.5451766752616055,2.0694293242571384,0.14849035386699067,0.9519987124170746,0.8020436817244901,-0.3999641874784776
0.9322119333783467,0.5203570047664156,1.4425645071568227,1.1520752039976836,1.1623561786898835,1.2825376798776622,1.4244152625986455,1.5396668590985694,1.446496489099484,1.4606312811629405,1.2967966042795895,1.594029481895384,1.2453882613425813,-0.10109168268007765,1.3344327459158722,1.2739690287413377,1.6899648875555326,1.4743636269681406,0.49850528547263456,-0.5593817791881054,1.2487827721602132,0.05009167916051517,-0.49462403713404834,-0.5505296943506921,-0.5333891423027848,-0.6079514381560381,-0.7673675999349753,-0.7715288886962253,-0.5120465329563249,-0.7550889698969349,-0.22606671466174827
1.2264259745015005,0.8046554330136628,1.569170837644342,1.4272587660775036,1.524210648311256,1.4147423562518056,1.6200435334089702,1.8041695313175592,1.5179778268454154,1.8267931517617892,1.357851380225061,1.7952000785289868,1.3601753896122466,-0.08899263374096125,1.3778399862867836,1.3000410451911113,1.8494012409893363,1.6563683176250033,0.792420320908044,0.08331975577976883,1.1594070432569556,-0.2202072691445277,-0.8749345133608801,-0.46917716021026057,0.2503508607046095,1.031008190857451,-0.46813330426779637,-0.5686372279190393,-0.37117620006816276,1.0484963316214062,1.1303335733087425
1.5712735544327594,1.0644812445430112,1.6725478880994196,1.7313546900249224,1.8259497456768072,1.5162569891062838,1.7692840721318586,2.000924130249182,1.5326355063831727,2.1397815027101004,1.3306585913363889,1.9656851167433922,1.4236219873290124,-0.08118617860715152,1.3914566807619797,1.2958085912530264,1.9840381724843867,1.8282701849724665,-0.08932478539818313,-0.6270345723426184,-1.7006162816472763,0.6423359819646002,0.012456597835060855,-0.6386616063361595,-0.2368388708945815,-0.8125120763016573,-0.6658790451107923,-0.7946816908269553,-0.959812948207983,-0.7662913630740674,0.6434206494218996
1.8396855982031621,1.1044951435856796,1.6359946165198636,1.8715742128295128,1.8764514094902018,1.538888604978299,1.7912801499746145,2.046304060344358,1.4639176051581657,2.2833799501517067,1.2191445750627858,2.016066998758352,1.3985734512637062,-0.0848900190798216,1.364488649899629,1.2459343831430065,2.0569590454366207,1.919559596145624,-0.029034521719124805,-0.18729141683828343,-0.8068589926147037,0.6592296662336651,-1.0094220113123058,-0.6386616063361595,-0.596935629033114,0.14347897051597444,-0.29793943913308385,-0.4614031969977637,-0.8994399483987707,0.8804604339644179,-0.6086411548585533
1.944862268575056,0.8597689165354312,1.3814871813151886,1.799114845423901,1.6392456401824165,1.4601241356810526,1.6635716045988453,1.9133808997619055,1.3078464376915406,2.2100097067576696,1.061057916632678,1.8847818245006376,1.2385900515161452,-0.10433352391587655,1.2953893370127598,1.1487448818727026,2.0388353681348406,1.8720116629436911,1.6440202953747414,0.15097254893428197,-0.4493560770016748,-0.558563631219233,-0.8841953204118582,-0.5030740494354403,0.10207572500050782,0.14347897051597444,-0.6404197169246569,-0.7471575180322991,-1.0554035312392358,0.36515034781632044,2.34761588302585
1.8477294327656477,0.3791533421179397,0.9402141395292474,1.494481349562235,1.0986134206997322,1.2616367473284305,1.3394875875811127,1.5413582353165125,1.0685064733419123,1.847196933160387,0.8570635757556598,1.5540253377073916,0.8843023775607999,-0.13910417841443787,1.1814353418542896,1.0076951773229967,1.9174872501563633,1.640604313025119,1.7193831249735654,1.7746395846425957,-0.18122889029190314,-0.9982820989083293,-0.5085152477105154,-0.14376702364853444,-0.596935629033114,-0.12954349410579974,1.2202037881853662,-0.03246707331266169,-0.693165532383962,0.26432880922212765,0.22606671466174866
1.56922603696368,-0.2360494348859474,0.3933493443386359,0.9389367815232961,0.3095053361254372,0.9678438039032666,0.8893044062486464,1.0325286418490083,0.7729222363574091,1.3032434263661865,0.6477220221756059,1.098739534444815,0.37277922226326105,-0.1823390476290722,1.0219814068749604,0.847618920870577,1.6964549021324036,1.2770588790060415,-1.453392001136877,-0.5255553826108488,2.0233724226551093,-0.7868697071983138,-1.2611101673866647,-0.8013666746170226,-0.5333891423027848,-0.47102778520372846,2.3519232397471326,2.5454146586641375,0.09168346513579849,-0.7438865767198023,0.5043026711685162
1.1817890294848166,-0.7792480061760363,-0.1554860315056376,0.28590564489778336,-0.4776355883547039,0.6365732397417508,0.43830193871659817,0.5136500976380948,0.4645394469997626,0.7172781827717853,0.45259964102522315,0.6243204917306235,-0.23979827742829754,-0.2261112677253211,0.8234121199484459,0.6789887959105227,1.3946784714327092,0.8623384360001288,-1.453392001136877,-0.5255553826108488,2.0233724226551093,-0.7868697071983138,-1.2611101673866647,-0.8013666746170226,-0.5333891423027848,-0.47102778520372846,2.3519232397471326,2.5454146586641375,0.09168346513579849,-0.7438865767198023,0.5043026711685162
0.7916548223620643,-1.058841401614271,-0.5796045875871602,-0.2947163741049169,-1.0763536480039622,0.31024087214306306,0.0814063108065599,0.0862113265115532,0.1638973441273401,0.20902133557762204,0.25587943401435487,0.2347692462663155,-0.8445487583152153,-0.26565204244014706,0.5948537611124215,0.5046041721342652,1.0477856426027181,0.4778092131369695,-1.453392001136877,-0.5255553826108488,2.738378253881167,-0.08505779499200627,-1.0738875181727252,-0.7742491632368788,-0.8511215759544312,-0.47102778520372846,-0.7635312628110371,-0.49917882152684945,0.8262216294812152,0.4099599205248507,-0.08694873640836448
0.44663299016060204,-1.020294936042374,-0.8071040761531003,-0.7014956333209551,-1.382809988125921,-0.00015996950818169493,-0.15372591507571873,-0.22219067911207582,-0.12105563523893269,-0.1906567915160176,0.04319871053045457,-0.04345830724633208,-1.5851714701231778,-0.29822840456442995,0.3307290795862083,0.3136259825939332,0.6681864614440677,0.15300539969849533,-0.5565743289108849,-0.4240761928790792,0.0868982964178685,-1.020967903498217,0.1425194879732416,-0.4488390266751527,-0.49102481781589863,-0.06438103276102566,0.1533533098101907,2.8841767108927128,-0.049186867752363535,-0.575850679062814,-0.8173181222386288
0.13398342786200623,-0.7338878925507667,-0.8558292710776719,-0.918723230765538,-1.390727156435948,-0.28424440851177907,-0.3097381512395515,-0.4515966848061622,-0.4066458374180088,-0.5176652276127484,-0.2005618891187727,-0.2542274548735812,-2.2344859102276007,-0.3231302888531721,0.04687626557356711,0.09393974721841658,0.27418764518530775,-0.11996848879572355,1.4857583532172143,0.1171461523570254,-0.5387318059049321,-0.8095555117882014,0.30365753066025963,1.598533082525707,0.9917265392251176,1.0417311275344394,-0.6386759273228669,-0.797728112159946,-0.49192219968658746,-0.34060042234303023,0.6086411548585536
-0.1399071941615348,-0.3545717376471934,-0.7894175603653417,-0.9390672887206536,-1.1834792895615898,-0.5402026933631263,-0.43455100718045275,-0.6350128122844596,-0.6909586215333544,-0.7907761181066482,-0.4771230607116801,-0.4373636370359701,-2.6590545505598127,-0.3418698068743882,-0.2601365557304701,-0.17391709005236972,-0.14345840583198358,-0.3642958614909831,1.3501052599393333,-0.18729141683828343,-0.7174832637114466,0.33728431173462325,-1.0397768788682893,0.005379288942256609,0.7375405923038006,0.0007814285837481196,-0.3310714415670955,-0.8988693004152399,-0.07937336765696973,-0.46382674729148843,0.36518469291513245
-0.3645554904292396,-0.0801836425465943,-0.6916680822942258,-0.8759755516351946,-0.9461701108517038,-0.7390738151945535,-0.5905372177453685,-0.8162301178611755,-0.9160042917776272,-1.0272710434872774,-0.7088820164691372,-0.6095100767531397,-2.767362427946161,-0.3511999374518864,-0.5873892134580044,-0.43012613492151547,-0.5639520303332527,-0.5760391990620721,0.9883636778649834,-0.08581222710651382,-1.1643619082277328,2.4432027250469477,-0.17769864027835497,-0.5464620676436704,-0.0589087080496596,0.8239730288632964,-0.6418147486060891,-0.7587339190976641,-0.8591912818592959,-0.17256452468604205,-0.22606671466174827
-0.5760259602632674,-0.07795956262316427,-0.6717761157393651,-0.8670906242647937,-0.8323410433560082,-0.8827403751862443,-0.7829566890155926,-0.9908820706394845,-1.0866101882060402,-1.2361264150304454,-0.8763151329887643,-0.8064715617444719,-2.5720645500645296,-0.3535170096076204,-0.8827934760250294,-0.6435446767715505,-0.9333091592957903,-0.7587085605497205,1.3124238451399213,-0.3225970031473096,0.9508636758160219,1.9779023926075525,-0.7481643546186029,0.7578902297412482,0.07453891408403183,-0.8809739027778122,-0.7150539118812727,-0.7562967820312714,-0.7233520322885681,-0.8783152948453927,0.22606671466174866
-0.769843156652208,-0.33208966002963886,-0.7658108943772465,-0.9092493383419277,-0.8566338334770827,-0.9684398209963755,-0.9772927128411607,-1.1307241894244724,-1.2014133994760001,-1.3856665244615844,-0.9738971264356286,-1.0158145811217028,-2.1864344175049903,-0.3540364124073639,-1.1168023254117219,-0.7914840743916988,-1.2145949949545247,-0.9113221685177821,-0.8655619302660587,-0.3225970031473096,-1.3431133660342474,-0.5667691350070646,-0.5580091165051869,-0.4623977823652246,-0.2749667629327791,0.9625463643812965,4.702900380880528,1.9726874480618708,1.0274649621785896,0.4659718864105135,1.1998925624354344
-0.9014690534447891,-0.7325966985075895,-0.8994854339674595,-1.015014911536928,-1.0557073368435608,-0.9674826275841878,-1.1705861727574405,-1.2481889274015616,-1.2111054090472717,-1.4738324986159206,-0.9577551992217164,-1.1783393412748122,-1.7034693492044408,-0.35021637841214803,-1.2704644757952914,-0.8346982268744064,-1.3849404473933227,-1.0160415057353394,-0.7751265347474712,-0.28877060657005305,-1.4026971853030854,0.8199610051364854,-0.24108371964949357,-0.012925031239340454,-0.046199410703593825,-0.4033908000104189,3.5750172664427,1.3956952475934168,0.11180779840553597,1.1381154770384667,0.7825386276752834
-0.9163860921632744,-1.1467319279428618,-0.9924626502672396,-1.1655935312497163,-1.3488969525855399,-0.8708144215691364,-1.270769276818673,-1.2603061563784796,-1.098056501317372,-1.433916524147062,-0.8091024235222329,-1.2160927296460962,-1.1722725367926539,-0.3378487465881795,-1.3080752780806053,-0.7479451009133276,-1.4033162962402095,-1.03598893426728,-1.136868116821821,-0.4579025894563358,0.0868982964178685,-0.19510808108763072,-0.6213941958763255,-0.5159548673410087,-0.6753096293338535,-0.8809739027778122,0.6475432829575014,1.883122660871942,0.08665238181836424,1.731842315426492,1.0607745841820506
-0.8293666259383782,-1.4110704756180887,-1.0114402678836267,-1.2479409601955385,-1.5533853819309864,-0.7240779212602702,-1.2331821986288154,-1.161489441566254,-0.8974942201449277,-1.286414695730589,-0.5830797478678368,-1.1337877316979756,-0.7068958383542935,-0.32237000593142767,-1.2489287059703131,-0.5780807603430284,-1.2953844980690696,-0.9919553316511832,-0.5641106118707669,-0.35642339972456616,0.26564975422438314,-0.4403078413357768,-0.49462403713404834,-0.3566394879826636,-0.5693988181166381,-0.06190650891249015,-0.4374426072762908,-0.3980376332715555,-0.3258964502112536,-0.04933819973758386,0.5738616602952077
-0.6624719632512444,-1.4475887188322387,-0.9123937618582358,-1.2066533039702907,-1.5999182276262933,-0.5714471215898684,-1.0744602596924964,-0.9767063722358129,-0.6463015947314745,-1.0617460830133845,-0.32987937561012476,-0.947704091547997,-0.3567828269362866,-0.30544943435982275,-1.1212668939188335,-0.3813205136819674,-1.1029973529821202,-0.903193913766216,-1.423246869297348,-0.593208175765362,0.02731447714903062,-0.7699760229292486,-0.8115494339897416,-0.6935745668809509,-0.658363899539099,-0.9494357292539668,0.7717011026049555,1.6400182384992774,1.6010084603661072,2.0455093243862037,1.0607745841820506
-0.44773283487583054,-1.2631077479713113,-0.7086773379397207,-1.029731962751677,-1.4540632323051148,-0.4527249903593109,-0.8366804601136527,-0.7585236607389183,-0.3907588586037019,-0.8266661317698301,-0.10006441578587114,-0.7104414061713029,-0.2762835416619128,-0.2873484587106169,-0.9665054737659466,-0.20721586532252373,-0.8841705013462462,-0.7971662328523939,-0.4133849526731218,0.1171461523570254,-0.6578994444426084,1.3779352627090378,-0.5085152477105154,-0.6861172512514113,-0.40629616884212627,0.352988656358665,-0.29201055448699753,-0.44129681620002453,-0.597574949352709,0.4659718864105135,0.8868771113653212
-0.2781806394901529,-0.9099950349342912,-0.48782637141061924,-0.7675554927318555,-1.1478679468387645,-0.43430366311488766,-0.5832073135632658,-0.5602497215954496,-0.24357762081074413,-0.6458310932373882,0.002775132660138239,-0.5088969071818068,-0.2796131697940991,-0.27906514477360184,-0.8409575911265011,-0.13550177602638325,-0.700735428109891,-0.7024755608951254,0.04632830787969777,0.590715704438617,1.4871180492355653,0.6254422976955349,0.0550048613414988,-0.27935458054925366,-0.3215675198683539,-0.3580245294539308,-0.5839209338266581,1.7972135792816017,-0.4214870332425064,-0.0045286270290536106,-0.5390821657318614
-0.2067681392828558,-0.5015760260435181,-0.30659632201876275,-0.48219878851223213,-0.756041188800573,-0.5258100058337504,-0.36800173318541135,-0.40427724791704855,-0.25102657233174214,-0.5245401849982163,-0.05902584959919109,-0.38358621633825607,-0.33000022801024137,-0.28599059976751606,-0.8031839218610035,-0.22691856430066829,-0.6045620956885984,-0.6416753893453901,-0.2551230105155939,1.2672436359837476,-1.3133214563998283,0.01630431062238485,-0.0076084841087248,-0.46917716021026057,-0.40629616884212627,2.059585270565464,-0.7157514277219887,0.6767398130075923,-0.1598707007359196,-0.46382674729148843,-1.2694515515621256
-0.2016325842473277,-0.0927958304787915,-0.16902465974296868,-0.2297833419899909,-0.33256748472435615,-0.6476756186441855,-0.1877454818145782,-0.2662139482719796,-0.3375286603954463,-0.41127385294729707,-0.19972330919013517,-0.3263618074908507,-0.3284677755456175,-0.29758010083121766,-0.8290154132790648,-0.38767411200383006,-0.5900097361137437,-0.5958497802819056,-0.32294955715453433,-0.4917289860335923,1.8744128744830137,-1.0658568359845901,0.06843303156541704,0.4121419596444142,-0.38511400659868317,-0.8620025532723716,0.3162232586173849,0.3069042631825114,1.9431221259516438,-0.7662913630740674,0.01738974728167336
-0.2567332058330266,0.2269601987031073,-0.12913088477049503,-0.08284137284773324,0.009190024076730762,-0.7690505460506202,-0.06292565988036139,-0.1641525226171951,-0.481527167765749,-0.32433277851394454,-0.4047506939868601,-0.35230980640192017,-0.29134438524567957,-0.3131446370302622,-0.8538425058241828,-0.5666249011544972,-0.6168386815381764,-0.5649359998716561,-0.1194699172377123,-0.4917289860335923,0.5337769409341548,-0.7275004739098847,-1.207706180059358,1.0053375210850606,0.3033062663132172,-0.5106201667803,0.7919290619857207,0.40073404023862746,3.880089203163873,0.533186245473309,-0.22606671466174827
-0.37415890632493126,0.3438592283299077,-0.23617832264174704,-0.11777468499497191,0.15588917305244868,-0.8310811965341819,-0.011270665183407129,-0.10231510979491058,-0.6066361217081139,-0.2567262186130587,-0.5819028859061927,-0.4543589595364749,-0.25130771031691806,-0.33105830233365224,-0.8214076282101974,-0.6658542603859758,-0.6581001133459118,-0.5631650218842817,0.9732911119452191,-0.11963862368377039,-0.7174832637114466,-0.9982820989083293,2.2138533317086653,3.3442228776224665,0.6210386999648635,-0.5106201667803,-0.14099837497197606,-0.1683374647640506,0.07659021518349551,0.35394795463918793,-0.8173181222386288
-0.48696307514229437,0.2627363864877955,-0.42611402082583494,-0.29189658290802506,0.09355927266222325,-0.7527355515092177,-0.014855738789612959,-0.07086285877567526,-0.5974851218409667,-0.1938477144884712,-0.6013071024818832,-0.562896406013646,-0.15973710027239682,-0.3368075597408197,-0.6741821717476402,-0.5890095789877448,-0.6647189817435466,-0.5744749700239327,-0.32294955715453433,0.1171461523570254,1.6062856877732417,-1.1334315730608508,-0.41930280645276014,0.8189046303465718,-0.4380694122072909,-0.5106201667803,0.5701190246380217,0.2630357959874442,2.667598123662192,-0.799898542605465,0.5390821657318619
-0.5259903102886028,0.061861296021526804,-0.6196075907893626,-0.5152758762803744,-0.10412730453930472,-0.5110108312364986,-0.0252075577891361,-0.038154121704266596,-0.4090490392385289,-0.11930505130582827,-0.42196233590467896,-0.6205411780631029,-0.010044781262943043,-0.323084714011608,-0.3557827766695574,-0.32298244267239457,-0.5667916012399807,-0.5708413600933965,-0.601792026670179,-0.35642339972456616,0.7125283987406694,-1.006487602696161,-0.604518947472321,0.022327733554846508,0.46217248313904036,-0.018189920921692405,0.238450242377547,0.574380056219102,3.0147428725651624,-0.4414219609372233,1.2346720569987804
-0.4879543058132904,-0.21487652257167206,-0.7650960769713332,-0.7092870966108963,-0.36327268740024976,-0.13560574415445012,-0.014662481542281497,0.019865669862614142,-0.06936014573589745,-0.02625370193193477,-0.0600256354645788,-0.5905192353866655,0.16673896111462627,-0.2923992871101428,0.09884741860347944,0.06463161284130219,-0.365709498481112,-0.5244687331947329,-0.3003407082748873,0.18479894551153853,1.2934706366118414,-0.6348265487767272,-0.09208762398486908,-0.6115440949560157,-0.34274968211179696,-0.9263401733343002,-0.15006608090128443,0.2216044658587696,0.10677671508810148,0.48837667276477864,-1.0607745841820502
-0.3563164855703123,-0.4537549299789275,-0.7787132223889432,-0.7674024650597967,-0.5516291812306225,0.3428864101405887,0.05236783907780743,0.12617736797324774,0.4038948005428191,0.09724022655841257,0.4532716994213793,-0.43597437474276196,0.3820114094125187,-0.24474225026725643,0.6079700607035282,0.5035574043333851,-0.08959775476596822,-0.41002071813543034,-1.5212185477758176,-0.593208175765362,1.46328452152803,-0.4740952098739071,-0.585997333370365,-0.7878079189269506,-0.808757251467545,-0.9263401733343002,1.2107873243356995,3.564137952416255,-0.3359586168461223,-0.5198387131771511,-0.5390821657318614
-0.13138496250738946,-0.5261843362440345,-0.6186474447805249,-0.6160496670471228,-0.5445795145812381,0.8242192701441428,0.21621728269850324,0.3124826749358411,0.925281093298752,0.28155225439812853,1.0043300652020881,-0.14807856932667499,0.6292689504434469,-0.187198843543076,1.0597456648536114,0.9056439953315859,0.1969508732752025,-0.2053208672458959,1.1918433177818046,0.28627813524330803,2.0889146238508314,-0.8206570757364441,-0.27730376500443005,0.24943689136355124,0.46217248313904036,-0.07345428687232354,-0.502311580462882,-0.2652136631531574,-0.6176992826224464,-0.9119224743767904,-0.8173181222386288
0.10343758279341883,-0.4014511133360376,-0.34632053210254643,-0.29883304843444575,-0.33690616324759326,1.1614561663061007,0.444805129569957,0.5483956332930526,1.2905310432911317,0.4927310746352961,1.3883472864755992,0.17978344167182303,0.7969217892094476,-0.14251009152353633,1.3219919881846924,1.1161776053782522,0.40934889393393037,0.040153482771386736,-0.0365708046790076,0.8951532736339257,0.3550254831276405,1.0564725849033978,0.8344561214654845,0.5884057836153492,0.4833546453824834,-0.5056711190832285,-0.6062414407295713,0.1375232370682239,-0.19508828395796016,-0.7438865767198023,-0.8520976168019747
0.28711010154593564,-0.09431799539252315,-0.020503939927808433,0.1088481073265203,0.02328027298312889,1.2726281674689366,0.6684690053477002,0.7596442652981161,1.3851159201011467,0.6633914799640598,1.478042760937374,0.457591458256568,0.8452006540318457,-0.12369638788615066,1.2997775820409172,1.0496112113858571,0.49634104300351606,0.24936703781356798,0.5211141343522816,0.8613268770566691,-0.18122889029190314,-0.2202072691445277,0.13778618659163053,0.446038848869594,1.35182329736365,-0.19635563801626396,-0.7293529866159514,-0.3035985719488412,4.066239285908945,-0.4190171745829582,-1.5129080135055473
0.41918082318504074,0.39567319292052516,0.31614120256313405,0.5426007708621624,0.486979890172014,1.1502552732706324,0.8502905499826164,0.9103912695928684,1.2184373595141098,0.7786775675108923,1.2757964373869615,0.6416866889832502,0.7878912614927629,-0.1308646260252999,1.021537691594552,0.7661521813671646,0.43864375992556165,0.39804882639604816,-0.021498238759242682,-0.28877060657005305,-0.7174832637114466,0.4729164625805463,-0.36888285695299083,-0.6725584955613393,-0.2156567086511385,0.5113581826649507,-0.621238031304966,-0.7209582945685784,-0.778693948780346,-0.5086363200000186,0.5738616602952077
0.48403952490870733,0.9432519351120396,0.5836706414129076,0.9052221064283681,0.9249023403284021,0.8338760428074583,0.9423816164697586,0.9635878970782766,0.8362285660587389,0.8145993143882726,0.8425027024438995,0.7048788348512502,0.6372957454688184,-0.1601726707610034,0.575568489535438,0.34947322338449294,0.26535182000105306,0.4761713561462363,-1.0012150235439394,-0.5255553826108488,0.32523357349322135,2.5276711463922736,-0.8749345133608801,-0.5681560767477855,-0.5842263316870482,0.1558515897586529,-0.11030767798047043,2.3333837338879797,-0.07937336765696973,-0.4078147814058256,-0.36518469291513167
0.45534515867793085,1.3826657371076565,0.7106114204594867,1.0951240614302808,1.22011791292748,0.402055424357884,0.8952394877336729,0.8874168279099546,0.32113820288744616,0.7491626553678455,0.28605827609725176,0.6286286375603397,0.42292376381459235,-0.20358301759425304,0.06797793998678531,-0.09615939024517126,0.018853916057242914,0.44228599094431253,1.0335813756242773,-0.15346502026102696,-1.611240552744019,-1.020967903498217,-1.0879330755333754,4.140799774414192,1.3624143784853717,-1.1704931930564908,-0.24946208820331944,-0.8342851681558354,0.04640371527888931,-0.5422434995314163,-0.3999641874784776
0.35036345851396106,1.6170189038077047,0.6989236565908261,1.0937369668832686,1.3125010537834882,-0.051893992540533534,0.7103559050860302,0.6938970732028832,-0.21220241595819414,0.5969207089842595,-0.27622465154174636,0.4541721257143471,0.18935719817854804,-0.2495318591484532,-0.4011054988979605,-0.48987512091794416,-0.243640053190314,0.30413495939213675,0.6567672276301632,1.0642852565202086,-0.5387318059049321,-0.9905592718138996,-1.060150654380441,1.920553530164915,2.209700868223095,-0.324206036857276,-0.4301186909487725,-0.4748074508629232,-0.18502611732309143,0.20831684333646483,-0.4695231766051695
0.18045023360954224,1.5840734517522717,0.5355311080466032,0.8907525565553216,1.1572675912930706,-0.45830139987357743,0.4256420334614213,0.4171812896959011,-0.6814119353908866,0.3737653828190688,-0.7539944568123569,0.20033449882618048,-0.054133456836570754,-0.2924602742187643,-0.7481762525290211,-0.7856225238041238,-0.4630952972501608,0.09382689607496335,0.3779247581145186,3.6689177929689625,1.5169099588699844,-0.5682171650872703,2.5009383502889846,3.1916868761091575,3.0569873579608187,0.5212562780590936,-0.3436267266999841,-0.840378010821817,2.0487748756177653,-0.5534458927085488,-0.8520976168019747
-0.06414334231930612,1.2533082465115541,0.22687356233240533,0.5076358237152324,0.7519634006020388,-0.7921817249128565,0.08236540350082332,0.09465770125696414,-1.065342797942123,0.0906543398734089,-1.1078937514676659,-0.10347700092225931,-0.2892619611079849,-0.32882498903847585,-0.9606966977142566,-0.9900506590369673,-0.609523690382055,-0.17295216733693575,1.0787990733835702,0.08331975577976883,-0.35998034809841745,-1.0055222493093574,1.401989246906256,1.8697081963271454,4.010184658915757,-0.7143559636430739,-0.3104947242659725,-0.7416739596329157,-0.2655234504020412,0.9700795793814784,-1.2694515515621256
-0.3359328660928636,0.7355566335485471,-0.1298085146997022,0.047219773826551494,0.21878739265827862,-0.997221674155397,-0.2496003691044152,-0.21407076759172491,-1.3221521782458185,-0.20441839933188746,-1.3187490832514779,-0.4121092014774514,-0.49149024792017904,-0.3555714717304028,-1.0408572062014212,-1.090634611046674,-0.6767827834555818,-0.4597743003863123,-1.3554203226584074,-0.6946873654971316,-0.9260266311523802,-1.1590134378111496,2.0407791377114974,-0.7539110297017709,-0.6181177912765572,0.8940845379051415,-0.7774815796253579,-0.2883664652838873,-0.6831033657490932,-0.5534458927085488,-0.29562570378844016
-0.5486626965912363,0.17397028843006188,-0.44124603549850006,-0.3850731616479053,-0.31409644188852637,-1.0565474791267069,-0.49830407235782703,-0.4486590074676227,-1.433546915234259,-0.4502835122787672,-1.3820324599887472,-0.6709220069745546,-0.6299872425593754,-0.3700806028260761,-0.9886747614051642,-1.070079699517306,-0.6648789316896102,-0.6978277305140534,-1.5588999625752287,-0.5255553826108488,-1.25373763713099,0.5153920115999103,-1.1284748308454347,-0.7654359720383319,-0.8638308733004969,0.5526002468072126,-0.78236419051037,-0.6216449591130788,-0.41142486660763766,-0.6318626449484767,-0.9912155950553584
-0.633590666376536,-0.2623747931816959,-0.6327149792993253,-0.6851546998369933,-0.7188410559191948,-0.9644443292194065,-0.6040459207514649,-0.557077353362998,-1.4149680686887065,-0.588620406076839,-1.3168698328559822,-0.822404936334316,-0.6685041333229179,-0.3691505310577068,-0.8256649355451,-0.9375313913347098,-0.5723440898896333,-0.8206013907716593,-1.7925247343315793,-0.593208175765362,0.14648211568670672,1.394828946978103,-1.1284748308454347,-0.6461189219656991,-0.8066390352432007,-0.8125120763016573,-0.10542506709545829,0.05770699814386548,-0.9346575316208113,-0.4750291404686209,-1.99982093739239
-0.5610616936501758,-0.4540228889447124,-0.6560941845462929,-0.7917164844893104,-0.9010773247997199,-0.7057444064747957,-0.5482558716866495,-0.5155546429082715,-1.2582407266424926,-0.5740673324187426,-1.1349553813802824,-0.8295326549834388,-0.5930434863159285,-0.3516852905207237,-0.556326631744739,-0.7045520923778843,-0.4067822257602884,-0.7943629105340518,-0.6846911392288836,-0.3902497963018227,0.26564975422438314,1.394828946978103,-0.24108371964949357,-0.5742575168083178,-0.49102481781589863,-0.6764132646321929,-0.6993598054651619,0.48725240609556575,-0.16993286737078833,-0.6654698244798744,-0.5738616602952074
-0.3089436398890761,-0.35145070793388855,-0.47930754339076964,-0.6582037808107983,-0.790357377724017,-0.3136760973786341,-0.3371446310273965,-0.3235697368202309,-0.9480509194891457,-0.39083138549009533,-0.8205852056589993,-0.6755756323455888,-0.40595091255071725,-0.3187061868368175,-0.212310107124227,-0.3745497024705393,-0.20529910181443786,-0.6012759661017363,0.6492309446702804,0.590715704438617,0.8316960372783455,0.03319799489144992,0.3293819946907542,-0.4820579781158289,-0.6181177912765572,1.9185374111989282,-0.7565561044038768,-0.5241594764573739,-0.7032276990188308,-0.3854099950515605,-0.7129796385485909
0.06257876453642323,0.0017402846849488601,-0.12988689071083992,-0.30930972915621796,-0.436753783300524,0.15424225523427304,-0.03328733983324088,-0.0353534572961864,-0.5154357163668511,-0.08528977696276177,-0.4155773817991687,-0.37610593109655305,-0.12289173666288337,-0.27293320893238027,0.13834598596237133,-0.021340183937923626,-0.012975176465846575,-0.2752842548760656,1.071262790423688,-0.11963862368377039,-0.7174832637114466,-0.8549271209679764,0.6796462969299684,0.47993573809477375,1.4789162708243087,0.19626881261806978,-0.681224393606545,-0.9451749046767,-0.41645594992507207,0.42116231370198326,-0.8173181222386288
0.43415788387510096,0.47342560308040965,0.28753992368816716,0.14189474730870397,0.009923420244338775,0.5946317852821522,0.24412798573198294,0.2356523193225804,-0.05163402208069835,0.22299958133428496,-0.023473081542715577,-0.007396859001159948,0.1814058499646512,-0.2268107340307894,0.41376486353846015,0.24697810515660953,0.1192446342822706,0.07642225215947299,0.7396663401888679,-0.18729141683828343,-0.4493560770016748,0.4729164625805463,0.7846021101743861,-0.3810452482247931,-0.10974589743392306,0.5212562780590936,-0.7108688168369766,-0.9421284833437091,-0.5321708662260624,0.14110248427366945,-0.22606671466174827
0.6813536649816652,0.8838578681574039,0.63986052726484,0.5451274165877753,0.39198914014049596,0.8964890674238098,0.38646396506959385,0.38992716794843885,0.33231019631597536,0.41363969241006776,0.24023173176195128,0.2937081951565633,0.3751432891440624,-0.19871866227938845,0.5156510078435357,0.3331783374242061,0.1303874934865532,0.3241577121301114,1.0185088097045132,0.08331975577976883,-0.09185316138864581,-0.5532541875918126,1.3834676328042999,2.0391926424530444,-0.38511400659868317,0.0007814285837481196,-0.6766905406418908,-0.8708422241517249,-0.16490178405335396,-0.5198387131771511,0.05216924184501931
0.709332435193194,1.1166645631232641,0.8385548143886238,0.7909265913799806,0.594830871079241,0.9760798470604012,0.34017823997838775,0.36940254082150575,0.5330986213080111,0.42966451108191983,0.286411211224303,0.4047720221358197,0.37885697345300523,-0.19917465771642484,0.38770166814033574,0.19507996239675413,-0.011624108364807964,0.39422200788892625,1.0863353563434537,3.19534824088737,0.8912798565471838,-0.9755962943184419,2.362026244524314,0.8731396531068595,2.538024382996463,1.0417311275344394,-0.6090315040924353,-0.762998908963851,0.3130511311029104,-0.09414777244611411,0.36518469291513245
0.4803046380673536,1.1226476868091295,0.833435577689901,0.8199070352423964,0.5333616786066807,0.799498628954918,0.10480105452895334,0.16312543153104803,0.4757196014737605,0.2605112703617965,0.07386501916229499,0.28204891598028603,0.19410677593790288,-0.22849001700587326,0.06555984099894877,-0.1466354480011613,-0.2883304445425475,0.2597267712047597,-0.13454248315747722,-0.4579025894563358,-0.09185316138864581,0.21661513838415758,0.08695464566737325,-0.33358960330954135,-0.4274783310855694,-0.7143559636430739,-0.4231435325416121,-0.4693238924635398,-0.46173569978198137,-0.48623153364575344,-0.6434206494218992
0.05313783868190482,0.91131618050838,0.6468940478893702,0.6434618938562968,0.283355716219222,0.4325220411782743,-0.2458717049448666,-0.1667732960164728,0.1855847503280469,-0.0463485007292226,-0.3479746586441693,-0.06179247503234403,-0.13026265857692623,-0.27948700479149835,-0.3578394646491741,-0.6040927833598438,-0.6394872488668257,-0.0497092526823103,-0.12700620019759443,-0.08581222710651382,0.6529445794718313,1.8089655499169006,-0.11431356090721637,-0.22105193108194443,-0.1288098434530218,-0.33492897353426404,0.6255715339749462,0.4263239794357501,0.20236729811935456,0.152304877450802,0.12172823097171082
-0.4761156893524832,0.5592279826065397,0.35319639100916395,0.3462128529729544,-0.004784922798729025,-0.027020578667229865,-0.6194820530614443,-0.5358469161504185,-0.20734693960845213,-0.4088646064041734,-0.848092708695167,-0.5166752965133732,-0.48642674144234127,-0.3356448816017099,-0.7842881847192319,-1.0705855156018962,-0.9915399436298451,-0.4376714743811986,0.44575130475345903,0.08331975577976883,1.636077597407661,1.766490000897537,2.2309343758249134,-0.3491821723531241,-0.30885822252228806,0.2795777821854387,-0.5507889313926465,-0.15676106369868553,0.49417013053054737,1.8886758199063478,0.9564361004920128
-1.0152188776869622,0.16037893407376708,0.014867039168538099,0.010191335665089044,-0.2118073568338938,-0.4843561199908012,-0.9616985445267345,-0.8835489257641648,-0.575608286247868,-0.743075115139159,-1.2982202514450714,-0.9496659803875601,-0.7520768493057254,-0.3798987169116786,-1.1279096038713188,-1.4588017800814568,-1.278788311127894,-0.8130212903568853,0.6341583787505162,0.9289796702111823,-0.7770670829802846,1.6907097600334446,0.4561521534330314,-0.3857908127163182,0.07665713030837609,0.34803960866159367,-0.13472073240553176,0.49151739596175287,-0.9698751148428518,-0.04933819973758386,1.3737900352521641
-1.4823780520492014,-0.27127382253740706,-0.35598978474611526,-0.36312015584345764,-0.34763140851475816,-0.8523445570023359,-1.2610324203894008,-1.1869925876541243,-0.845143294219036,-1.021763517103471,-1.603525253195368,-1.2825894094991992,-0.8876930489754767,-0.4055769862550721,-1.3132794024328271,-1.7256067331774303,-1.450179261634679,-1.1464207244485203,-0.19483274683653554,-0.3902497963018227,-0.06206125175422671,0.3039796198898946,-1.0720353567625296,-0.5098534272804763,-0.36393184435524006,0.6895238997595222,-0.42837490134698236,0.2246508871917602,0.15205646494501088,0.6340077840675017,1.0607745841820506
-1.8191491139404226,-0.7112205299387012,-0.7290838046493777,-0.7365532804668089,-0.42584515559728353,-1.119676451516967,-1.49722192027764,-1.4206643168562731,-0.9745245929484437,-1.2277805287078245,-1.7072477300309332,-1.4670545851614123,-0.891102860186142,-0.4112047031342057,-1.3674584565582912,-1.8515792156785087,-1.5014411103280068,-1.4000621580071386,-0.6168645925899432,-0.5593817791881054,-1.3431133660342474,1.4286163155162335,-0.8215819749616343,-0.6251028506460875,-0.7028464402503295,-0.5394896116798833,0.13417162419049972,-0.00017500718295933247,-0.5573262828132342,-0.08294537926898155,0.22606671466174866
-2.031155056437995,-1.1241740646261378,-1.093305162724044,-1.0952395691116261,-0.5212030590368556,-1.3120269161286569,-1.687827405302421,-1.5948172454193268,-0.9979919959659521,-1.369247999423374,-1.6561301589244146,-1.513690825160174,-0.8131511684621631,-0.403332590084316,-1.340381993480261,-1.8672315960542885,-1.4602594770757595,-1.5619950003021017,0.2874893625959311,-0.3902497963018227,-0.15143698065748404,0.5322856958689756,-0.946808665862082,-0.6386616063361595,-0.7663929269806588,0.2795777821854387,-0.5180056868789928,-0.12812470316857225,-0.7937871987326491,0.600400604536104,0.7825386276752834
-2.1459065160316335,-1.5022103422723159,-1.4490260497231757,-1.4400208962181793,-0.6826214060765619,-1.4572329669742476,-1.8523846599965026,-1.7333238593238558,-0.9870262560034447,-1.4876391289201523,-1.5381506578161637,-1.485745438218707,-0.7123213574276263,-0.3919197528367551,-1.2804789509688852,-1.8191621204503068,-1.369279164161007,-1.6694525183529225,-1.3252751908188782,-0.6270345723426184,1.01044749508486,-0.3133638709710871,-1.4477154294638725,-0.8081460524620585,-0.8723037381978742,-0.33492897353426404,0.6304541448599585,0.9880840732392504,-0.49192219968658746,-0.6430650381256092,1.8954824537023527
-2.1718573822747484,-1.8043540174736397,-1.7544466769673848,-1.7251387106050444,-0.8810123709091259,-1.5596611799095286,-1.9478544211370454,-1.7972820618131742,-0.9916700496701235,-1.5641138688184255,-1.4156902370478075,-1.4258556156701485,-0.6311495785763568,-0.3829311887270187,-1.2440443195574946,-1.740822072126037,-1.2706947095506973,-1.7244700858329791,-0.7148362710684127,-0.4240761928790792,0.9508636758160219,0.06746804012298217,0.7437516612939608,-0.45561840452018865,-0.3215675198683539,0.484138420331058,3.42365632900732,0.5329487260904274,-0.8591912818592959,0.10749530474227177,-1.7563644754489685
-2.119134361096384,-1.9624437650687803,-1.9407260254170757,-1.8819472578644099,-1.047523454200915,-1.6072813183802777,-1.940873918867531,-1.7628491207838592,-1.0202724919916752,-1.5627723897031325,-1.3195653820838473,-1.3528850057982003,-0.5795443838348157,-0.3774033910343251,-1.2327710358857376,-1.6448478376911264,-1.1825780560293715,-1.7066263621070556,-1.6041176603345222,-0.15346502026102696,0.32523357349322135,-0.3046756904898536,-0.946808665862082,-0.6725584955613393,-0.8511215759544312,0.006555317563664814,1.3635432934525114,-0.09278621570587907,-0.6831033657490932,-0.5646482858856814,0.36518469291513245
-2.010963291955197,-1.965941667401383,-1.9939673608036255,-1.9061783114343052,-1.1672436478604904,-1.6046310849842909,-1.842620097475029,-1.6532276663050394,-1.0933036134404186,-1.5121070607356248,-1.2824885423072354,-1.3046110505142143,-0.5744369631734403,-0.37836194090546776,-1.2187355757790823,-1.547946126160201,-1.1107109322720032,-1.6502650425836516,-0.7751265347474712,0.1171461523570254,1.0700313143536984,-0.1864199006063972,0.6185249703935132,-0.1844432907187503,-0.596935629033114,-0.5394896116798833,1.159171152122713,2.120743524845223,-0.9396886149382457,-0.1613621315089095,-0.7477591331119369
-1.8478457251336176,-1.845165868308487,-1.918443128947931,-1.8093263982969097,-1.1638017500261209,-1.5652516054279897,-1.642805657513326,-1.458922267717931,-1.1902054594138112,-1.403097279421957,-1.2849068842748061,-1.2897917822328409,-0.5906361563652596,-0.38304430212732643,-1.203386393610099,-1.448036132412766,-1.0521305991323342,-1.563704765990435,-1.6493353580938162,-0.4240761928790792,-1.4324890949375044,-0.7781815267170803,-0.6963552840611867,-0.564088450040764,-0.4486604933290124,-0.8809739027778122,0.25867820175831197,-0.8348944524224335,0.8815635459729932,0.9364723998500807,1.8954824537023527
-1.6476382991762908,-1.6270149128724747,-1.728139695958271,-1.60137284737934,-1.0253817575272215,-1.4861329224245419,-1.3851987984713534,-1.218164747916977,-1.2421308706579182,-1.2223854279339437,-1.2791470933413314,-1.2559853960766496,-0.5972928792900226,-0.38630022762910876,-1.1802387833409052,-1.3397384947902748,-1.0027159536879255,-1.4183586155343664,-1.0162875894637045,-0.6270345723426184,-0.9856104504212182,-0.22889544962576122,-0.946808665862082,-0.7403522740116989,-0.7028464402503295,-0.4033908000104189,0.677187706187933,-0.3017707191490468,-0.06428011770466675,-0.04933819973758386,1.1998925624354344
-1.4504414391641791,-1.3815315068100282,-1.4928998053909839,-1.356539192155505,-0.8333197142217197,-1.3930225950398738,-1.1833267905020397,-1.0377865870970837,-1.2320465057296364,-1.0373959263776023,-1.2423505340869685,-1.208442012850121,-0.5986347877644296,-0.3883151585124104,-1.15018557119249,-1.2363315633175498,-0.9642098180235886,-1.2503726556892631,-1.0087513065038223,-0.5255553826108488,1.427534229966727,0.5409738763502091,-0.5711285931607393,-0.4149421374499729,-0.49102481781589863,-0.12954349410579974,-0.09984494036973,1.1464979825547708,0.011186132056848635,-0.3742076018744279,1.756364475448969
-1.2899124242706415,-1.1878223225121927,-1.2882066644599608,-1.1593639980932124,-0.692323976145042,-1.3333928471914593,-1.1005338470413741,-0.9812151686712548,-1.1843838059635754,-0.9299909185511324,-1.179453811150583,-1.1693501491192895,-0.6128373413844861,-0.39133830727845786,-1.1277009203924886,-1.1549164813252664,-0.9366373976032102,-1.111699035552938,-0.29280442531500517,-0.4579025894563358,1.1594070432569556,-0.017483057915745465,0.6487769400933748,-0.49358292045239005,-0.5291527098540962,-0.5708335804280023,-0.680875635686187,-0.22561018582427725,-0.03409361780006055,-0.29579084963450014,1.9302619482656986
-1.1788523030802596,-1.0731214197745063,-1.144446835134313,-1.0531799735186906,-0.6709953995210288,-1.3414987290829958,-1.139780568430313,-1.0497960186551991,-1.1436371644288943,-0.9123398143951602,-1.1109993384768762,-1.1587260284394199,-0.6651402290294275,-0.39791066730102376,-1.1306768181762683,-1.1084523160774915,-0.9255904834889112,-1.0245660928678386,-0.8052716665870003,-0.18729141683828343,-0.9856104504212182,2.6801969815072617,0.27834465805425285,-0.5044299250044475,-0.9146680626847604,-0.4289608797786213,0.8766772366327189,1.208035693481185,0.49417013053054737,6.369633090759368,1.617246497195585
-1.0909399590426594,-1.0130792624438631,-1.0813822613401312,-1.034539389811683,-0.7888734050791129,-1.390726501351219,-1.2674416506525583,-1.210024096235136,-1.1448972583925017,-0.9672183082768223,-1.0401913583887303,-1.171384743953097,-0.733612779089794,-0.40576782690204977,-1.1396576244405785,-1.0529942106837649,-0.9129627640558202,-0.9776261041037994,-1.3252751908188782,-0.5255553826108488,0.6231526698374121,2.6126222444310017,-0.956429615409487,-0.6962863180189651,-0.4931430340402429,-1.0690377152665265,-0.26655122630086225,1.6284418374339127,-0.542233032860931,0.11869769791940434,1.0955540787453966
-0.9857776458766339,-0.9644577299341275,-1.0687657650882483,-1.053053594819309,-0.9978804787501029,-1.413412194376757,-1.3932588692396126,-1.3793866700593675,-1.1726365058264878,-1.0694744443345194,-0.9523035620469753,-1.185523936972802,-0.7633123164296193,-0.40735554692293524,-1.1043984579759876,-0.9353511082498025,-0.8685105762792302,-0.9431410922925427,0.882855716426631,0.7598476873248996,-0.18122889029190314,-0.7945925342927436,0.9852529296122439,1.9713988640026847,0.8858157280079021,-0.7143559636430739,-0.33979038957604596,0.0979197597393438,0.3281443810552136,-0.19496931104030707,-1.7911439700123144
-0.8284916819644658,-0.8741793202397238,-1.0343779899831624,-1.0331396057005318,-1.1887524472387216,-1.3466608209448647,-1.3960669766747418,-1.435114864090495,-1.178376020054737,-1.1288763353644193,-0.8145998595794772,-1.138444175543029,-0.7015318448468266,-0.3961380169360039,-0.9963895397688329,-0.7359676137379988,-0.7669855299714735,-0.8707235054841312,0.5060415684325174,0.7936740839021562,0.6231526698374121,1.5439760452392786,0.3833004712986706,-0.33358960330954135,-0.38511400659868317,-1.105330731711717,-0.6536725178982616,-0.20123881516035097,-0.5522951994957999,1.5526040245923713,-0.9912155950553584
-0.5997819187023411,-0.7088160003744415,-0.9266641413002813,-0.8984207737508502,-1.2202637965761154,-1.1315291057778625,-1.220794755761845,-1.3097514275846902,-1.090810333245555,-1.0694551731965156,-0.5887383710693074,-0.9782329180096024,-0.509671287674677,-0.36838501003442736,-0.7929083075737242,-0.43861405307865553,-0.5903195910048563,-0.7163759542706186,-1.5136822648159354,-0.5593817791881054,-0.5387318059049321,2.374179957890482,-0.8514738021650691,-0.6386616063361595,-0.38511400659868317,0.26143127396284355,0.7989042203928809,-0.05379202264359703,-0.5372019495434968,-0.6206602517713441,-0.22606671466174827
-0.3039836134780218,-0.48187581918865324,-0.7280636141581677,-0.630270182860045,-1.0418744458422844,-0.7486575966080524,-0.8802857822082788,-0.9996018627873092,-0.8443767551858666,-0.8638760929510497,-0.2526851215015391,-0.6868643861518561,-0.1802114266035362,-0.32306444751167807,-0.46612422480579924,-0.047656977318063766,-0.33240913178740045,-0.46443763705974944,0.5361867002720465,-0.5255553826108488,-0.7174832637114466,-0.040168862505633104,1.1704690706318048,-0.06241448950810299,0.3138973474349387,0.45609381671431987,-0.6351883481192867,-0.6271285175124622,0.08665238181836424,1.306151374695455,0.29562570378844055
0.03912924924023144,-0.23033404172905128,-0.4238895546381348,-0.25830195416760315,-0.6841260080427186,-0.24646205363976997,-0.40256611709970475,-0.519101037655974,-0.42365540472148333,-0.4914405548190482,0.1932187533243222,-0.27504291701671707,0.2587826960935546,-0.2633749284319145,-0.034337103930607016,0.40376911611532423,-0.004251498271762227,-0.11344296565082117,-0.5490380459510027,-0.660860968919875,-0.5387318059049321,0.3546606726970903,-0.49462403713404834,-0.6793378734063753,-0.6181177912765572,-0.5394896116798833,-0.5657855219680412,-0.4376411106004357,-0.2655234504020412,-0.1277549519775118,-1.3737900352521635
0.375373701241104,0.015593712721707523,-0.06076391757985895,0.1461394100865414,-0.23869622874822197,0.27901215928341266,0.13048118475519635,0.04434775398494755,0.1014381755833521,0.0013096131416901185,0.6914513460811494,0.1955069337168814,0.7184072916312563,-0.2013724524077207,0.44111892842965367,0.8422293808635444,0.33538262667593355,0.2972376076586729,1.1240167711428641,-0.3225970031473096,-0.27060461919516043,-0.6430320525645589,-0.050928481536077756,0.21554000213837143,0.059711400513621615,-0.06190650891249015,-0.1169340784672728,-0.9329892193447368,-0.5724195327655373,-1.1135655515651766,-1.6520259917589308
0.6311246953411549,0.21401237591368966,0.27021273010677205,0.4806498875187305,0.155945434075175,0.7054525078152484,0.5901089444752664,0.5477200627916178,0.5991096301303719,0.4792769698632976,1.126622702125009,0.6165045362436611,1.0929297366707984,-0.15077744938851168,0.8588733993228144,1.1780197501408383,0.6102685116470511,0.672683507102475,1.1089442052231,-0.6270345723426184,0.0868982964178685,0.5660730644071057,-0.43123895776290955,-0.4623977823652246,0.08089356275706482,1.3172281160047492,-0.2972419232923678,-0.867795802818734,-0.37117620006816276,-0.7886961494283324,0.36518469291513245
0.7619110571882163,0.3515330011605368,0.5244605940133797,0.6980616190526964,0.4494302696395931,0.9508778011301003,0.9064230036763952,0.9083262204431777,0.9744189812190513,0.845095423178481,1.4115629870845496,0.9063503350125252,1.306266553120644,-0.12149909688061232,1.1299510876303727,1.3414900157814242,0.7630378620635495,0.9294588761046899,0.6869123594696916,6.780946278076564,-1.25373763713099,0.9126349302696427,-0.19544852045939617,0.0731730673926162,0.0385292382701786,0.6895238997595222,0.1669548687041534,-0.8300201782896484,-0.818942615319821,0.902865220318683,0.5043026711685162
0.7630854770096717,0.44804172560901473,0.6779393112816297,0.7779688301562651,0.6087813023812891,0.9713459671011411,1.0452190625593358,1.0768038172810204,1.1395177260521787,1.0383004097777913,1.4834781895228333,1.0154660920005676,1.308228777719306,-0.12077075192444034,1.1926050439651688,1.2881601604974477,0.7577162333840566,1.0118662336232098,1.2144521666614523,-0.25494420999279654,-0.18122889029190314,-0.5923509997573634,-0.4459019022602916,-0.3200308476194695,-0.2792031953814677,0.07501714403981949,-0.6864557624119152,-0.8013838177595349,-0.9195642816685082,-0.2845884564573676,-0.6086411548585533
0.660135464120806,0.540077600387798,0.7061196078875139,0.7321559639419073,0.6284307399427314,0.7857398842915104,1.0036770229045762,1.036655379130279,1.0477577832414813,1.017521623921367,1.3270253772219842,0.9370176436907348,1.1087406678591067,-0.1480210602946402,1.0465752775531387,1.0448120068731253,0.6012372635313332,0.9078749836719782,1.2596698644207451,0.015666962625255788,-0.27060461919516043,1.4961910525924942,0.6185249703935132,1.1714322782884417,-0.38511400659868317,0.5526002468072126,-0.640768474845015,-0.31456568874760804,-0.8290047819546897,-0.7438865767198023,-1.4781285189422013
0.5784874240422375,0.6964739932794942,0.7074071950358963,0.7074631606857679,0.6893919692945025,0.5732547942459502,0.9402596996835558,0.9542757842198272,0.8334213943819607,0.915580514467623,1.065780766293943,0.7928079219242983,0.856814175657601,-0.18319494702921685,0.8137249242843865,0.7661780866016148,0.40796802777223584,0.7397139200462336,0.40806988995404775,-0.28877060657005305,-0.4493560770016748,-0.08505779499200627,1.9773940583403589,-0.4149421374499729,-0.49102481781589863,3.282824893024953,-0.7638800207313952,-0.9957454988043468,-0.567388449448103,-0.7662913630740674,1.3390105406888182
0.44327700155706706,0.867847988716378,0.6354888740159621,0.6200793104369043,0.6915939616438844,0.23477157389662448,0.7743827401473784,0.7497700004754233,0.44336012850329226,0.6761685324655369,0.6427120373049529,0.523383937674697,0.4731608746095793,-0.23667883916144125,0.4355246784583916,0.36460829893876406,0.11701146235617385,0.4495390404447213,0.8074928868278083,-0.28877060657005305,-1.1643619082277328,-0.9138136775630035,-0.5580091165051869,-0.20478142425385812,-0.17329238416425227,2.024941936685964,-0.720285280686643,-1.0408325345326104,-0.6277614492573153,-0.9119224743767904,0.08694873640836487
0.25450419666528495,1.0541995866984388,0.4903646448276979,0.4700044131953011,0.6350367169908505,-0.22970977675648357,0.5060461442960247,0.4231380278970376,-0.12242601439454129,0.2992856779150805,0.05781919025499107,0.128745690941912,-0.04221923528500294,-0.30847273669131703,-0.08802545992485987,-0.15989735611544867,-0.271632432716869,0.03735034486742075,0.6341583787505162,-0.3902497963018227,-1.3431133660342474,-1.048963151715525,-0.3044687990206322,-0.11664951226839071,-0.046199410703593825,5.344928100138051,-0.700754837146594,-1.0536275041311716,-0.94471969825568,-1.0911607652109114,0.29562570378844055
0.012169009366891248,1.255528787225676,0.27203450747110397,0.25723846896096036,0.5197202353354021,-0.820189257713375,0.1352499121294934,-0.02562013351532603,-0.8639370343115422,-0.21506804918374617,-0.6888977748559424,-0.3911068182740593,-0.6893261540261405,-0.3985766396188441,-0.7569254908653698,-0.8073388785610226,-0.7579636574468934,-0.49685216668566945,-1.6644079240135805,-0.5593817791881054,-0.5685237155393512,-0.7781815267170803,-1.2598753931132012,-0.7945872967719867,-0.7452107647372157,-1.2909200203518958,0.12928901330548745,-0.05257345411040074,-0.44161136651224386,-0.45262435411435586,0.5043026711685162
-0.28372856033811483,1.4718355902980886,-0.019501538053820912,-0.018218522266119013,0.34564451667753804,-1.536666868974048,-0.3380059563522142,-0.5965044837616675,-1.7811729312477098,-0.8668926488309415,-1.5974388580278491,-1.0361735899732156,-1.4681598816138333,-0.5069905479440225,-1.5711754143631378,-1.5777162683979593,-1.3419822118338995,-1.1530684942145466,0.4306787388336941,0.32010453182056464,-0.18122889029190314,0.25329856708269916,1.3587721473350252,0.0,2.1567454626144875,-0.7861171552506097,-0.5696218590919795,-0.7562967820312714,-0.5170776162737593,-0.4190171745829582,-1.4085695298155094
